1,02f6e98775a3c19f4d933ea85b579326c1b1deb05074a-PQNmYg.png,png,1000 x 1000,
2,08.png,png,4096 x 4096,
3,0b1d5845b26a24dd4df9923f58586f841ed67233f4b8-5szag5_fw1200.gif,gif,300 x 300,
4,0ec57f1ad5a6f869a7f188e385cd8b6d8b4b6e7031799-Ee2OXD_fw1200.png,png,883 x 805,
5,1.1.jpg,jpg,1536 x 2048,
6,1.2.jpg,jpg,1536 x 2048,
7,1.3.jpg,jpg,1536 x 2048,
8,1.4.jpg,jpg,1536 x 2048,
9,1.5.jpg,jpg,1536 x 2048,
10,1.jpg,jpg,1536 x 2048,
11,100.png,png,22 x 11,
12,121c86974d1cc5429c0d9.jpg,jpg,1920 x 2560,
13,1637d59c5fa2817275843731c619fe1000b0c9182dfe-RDxeGa_fw1200.png,png,351 x 304,
14,1763e06108c5e80d4e86b3f001d31a21.jpg,jpg,564 x 752,
15,195774367_Sai Gon-Bac Lieu_22_15_20-10-2023_A08.png,png,200 x 200,
16,19ce81c475114a0d1076f82c7aec9a6c48375c0ca83c-Fh789D_fw1200.png,png,191 x 215,
17,1dayleft.png,png,1280 x 720,
18,1f8e91be-a3ed-4386-9fb0-fe890cc6cd9e.jpg,jpg,7500 x 2000,
19,2.1.jpg,jpg,540 x 720,
20,2.10.jpg,jpg,1536 x 2048,
21,2.11.jpg,jpg,1536 x 2048,
22,2.2.jpg,jpg,1536 x 2048,
23,2.3.jpg,jpg,1536 x 2048,
24,2.4.jpg,jpg,1536 x 2048,
25,2.5.jpg,jpg,1536 x 2048,
26,2.6.jpg,jpg,1536 x 2048,
27,2.7.jpg,jpg,1536 x 2048,
28,2.8.jpg,jpg,1536 x 2048,
29,2.9.jpg,jpg,1536 x 2048,
30,2.jpg,jpg,1536 x 2048,
31,20250413_1641_Cô Gái Đêm Trăng_remix_01jrq8a83aemjrshxbqfcp852c.png,png,1536 x 1024,
32,20250413_1954_Mystical Peacock Goddess_remix_01jrqkb584fcfra98afkpwkwm8.png,png,1536 x 1024,
33,20a89e16ddac72ef2b06abcad382f2b2db6a99f7281a5-omdrge.png,png,800 x 766,
34,2298.jpg,jpg,4551 x 4835,
35,23af1565021eda21489e7cb386b4f4bb288bce3313b393-r8U1pj.png,png,2730 x 2785,
36,25599.jpg,jpg,6001 x 4001,
37,28e5cb3bd3b384dbc2523c02123498f0da7fab9b1653c-ogIALr.png,png,640 x 640,
38,2a424afffc51420f1b40.jpg,jpg,1024 x 1024,
39,2b25ddae16259e7bc7345.jpg,jpg,1920 x 2560,
40,2daysleft.png,png,1280 x 720,
41,2fbeb27c04d2ba8ce3c3.jpg,jpg,1024 x 1024,
42,3.jpg,jpg,1536 x 2048,
43,302b85c167722371e89d26a27326aa25bbe907a6373eb-HHWcuR (1).png,png,2289 x 2289,
44,302b85c167722371e89d26a27326aa25bbe907a6373eb-HHWcuR.png,png,2289 x 2289,
45,312b1164daef52b10bfe2.jpg,jpg,1920 x 2560,
46,32.png,png,4096 x 4096,
47,3529429.jpg,jpg,2000 x 2000,
48,395a3c4df7c67f9826d712.jpg,jpg,1920 x 2560,
49,3b07d23219b991e7c8a817.jpg,jpg,1920 x 2560,
50,4.jpg,jpg,1536 x 2048,
51,42832002eb8963d73a9816.jpg,jpg,1920 x 2560,
52,452cbf321c8fe933c725884f32cf90cf69ef0e438e6370-6YYBYB.png,png,6144 x 3072,
53,4758.jpg,jpg,4500 x 4500,
54,482423-PH04C3-205.jpg,jpg,2000 x 2000,
55,482423-PH04CZ-202.jpg,jpg,3000 x 2000,
56,4864085.jpg,jpg,3553 x 2000,
57,4a4f827949f2c1ac98e314.jpg,jpg,1920 x 2560,
58,4aeb75a0be2b36756f3a4.jpg,jpg,1920 x 2560,
59,5.jpg,jpg,1536 x 2048,
60,511c1d43d6c85e9607d98.jpg,jpg,1920 x 2560,
61,51f50bc5-7bfa-4aac-8d12-aadd85853c65.jpg,jpg,640 x 640,
62,55.png,png,4096 x 4096,
63,5af7cd065f80d1e18c677407e16b039b47cebf811b705-RHcEy0_fw1200.png,png,749 x 720,
64,5dffbbabd3b5f8249f69ea26ac7ac40b8bc48cf36162-gV43Rh_fw1200.png,png,650 x 650,
65,6.jpg,jpg,1536 x 2048,
66,61bd304c2acd47e854e0a3c0ca26b189802c64ea5359-tl52eY.png,png,256 x 256,
67,61beaf3150595ae5394d3bd014a041bd.jpg,jpg,736 x 915,
68,630a06d5c56e0c57bd4f00c0f3bfacfe.jpg,jpg,500 x 749,
69,674e78c642c5a06358df13358bc2b8217e69034b789c9-IufR4Q.png,png,800 x 1422,
70,6ccd698f7db416c8062be5236e41c526.jpg,jpg,564 x 1000,
71,6fb9b4a97f22f77cae3311.jpg,jpg,1920 x 2560,
72,6fc3ed324e8a70e19b561f2165a0db3c.jpg,jpg,736 x 1226,
73,7.5M players in server TON+  500K players in server Bitget.png,png,1280 x 720,
74,7.jpg,jpg,1536 x 2048,
75,706a5776b89bbdb30d54bb7220775660.jpg,jpg,564 x 1128,
76,70c2d3ea331e7b135160d3675b415169.png,png,736 x 1259,
77,71.png,png,4096 x 4096,
78,71442507ee8c66d23f9d1.jpg,jpg,1920 x 2560,
79,73bd6a4553d96a9e4dbd700fc72c2c372ce73bcb172c3-MD1KCa_fw1200.png,png,658 x 846,
80,742078b35403264ef2cc333a5c437705b5be1a9f48cf-gc5HLP.png,png,325 x 286,
81,76f600b9cb32436c1a233.jpg,jpg,1920 x 2560,
82,778c30a3-618a-4b5f-8acf-513e4ada469b.jpg,jpg,1536 x 2048,
83,78bf0bb935999b5333e3879b15b0b434.jpg,jpg,564 x 1002,
84,8.jpg,jpg,1536 x 2048,
85,80052.jpg,jpg,5000 x 5001,
86,8587dcdd0b1394ef4e993f7f9e4569b288acd855b979-YDwM9Z.png,png,372 x 224,
87,85f8c890-b05d-4d3a-bc4c-33f35b13e054.jpg,jpg,1024 x 1024,
88,9b8581773fe46ca5b9a12a75f9a37ab551d553e8479bb-2frYL9.png,png,824 x 720,
89,9d04f0a8aaa650f1d2db45448c0fefa7201a62f43a2f3-X2HKkU.png,png,2000 x 2000,
90,9dec2db721e0f6beaff1.jpg,jpg,2048 x 1536,
91,a004678dac0624587d176.jpg,jpg,1920 x 2560,
92,a238b2f3e93c5d82c27b110af4ecc6ea82fb733120b7-11XSKD.png,png,181 x 132,
93,abaa6f722d6e93f885fe8bc632b68dc6131018bd24b63-lyjd5r_fw1200webp.png,png,381 x 543,
94,acorn.png,png,512 x 512,
95,add-user.png,png,512 x 512,
96,af330ea6f6e1b5478c3375a59b8d5883.jpg,jpg,563 x 766,
97,alarm-clock-of-circular-shape.png,png,512 x 512,
98,ando1.png,png,3285 x 2076,
99,anim_dragon 1.png,png,520 x 762,
100,apple-tree.png,png,512 x 512,
101,arrow-right.png,png,512 x 512,
102,Arrow_Reward.png,png,316 x 228,
103,audio-speaker-on.png,png,512 x 512,
104,autumn-tree.png,png,512 x 512,
105,b2cd8a90411bc945900a7.jpg,jpg,1920 x 2560,
106,b398411f7f3074a17288d4201dc20077.jpg,jpg,706 x 960,
107,balloons.png,png,512 x 512,
108,banana-exp-lv8 1.png,png,4416 x 5536,
109,banner_1_1242x2208.png,png,1242 x 2208,
110,banner_1_2048x2732.png,png,2048 x 2732,
111,banner_2_1242x2208.png,png,1242 x 2208,
112,banner_2_2048x2732.png,png,2048 x 2732,
113,banner_3_1242x2208.png,png,1242 x 2208,
114,banner_3_2048x2732.png,png,2048 x 2732,
115,banner_4_1242x2208.png,png,1242 x 2208,
116,banner_4_2048x2732.png,png,2048 x 2732,
117,banner_5_1242x2208.png,png,1242 x 2208,
118,banner_5_2048x2732.png,png,2048 x 2732,
119,banner_feature_2048x2732.png,png,2732 x 2048,
120,banner_feature_2208x1242.png,png,2208 x 1242,
121,Bar_Reward.png,png,2532 x 404,
122,bc242c7cc42b13754a3a.jpg,jpg,1920 x 2560,
123,belt.png,png,512 x 512,
124,BG_Loading 1.png,png,1334 x 1334,
125,bnb-bnb-logo 1.png,png,40 x 40,
126,Bodo Amat.jpg,jpg,1160 x 772,
127,buddha-first-five-disciples-hand-draw-line-art_99413-329.jpg,jpg,900 x 675,
128,buddha-line-white-background_1295878-2860.jpg,jpg,740 x 740,
129,button_Setting.png,png,71 x 76,
130,c5360c38443e7598ca0a01deadd9bd4cc1081de98abea-Y9x8fh (1).png,png,1965 x 4038,
131,c5360c38443e7598ca0a01deadd9bd4cc1081de98abea-Y9x8fh.png,png,1965 x 4038,
132,cabybara 1 (1).png,png,1692 x 1957,
133,cabybara 1.png,png,1692 x 1957,
134,cactus.png,png,512 x 512,
135,cancel (1).png,png,512 x 512,
136,cancel (2).png,png,512 x 512,
137,cancel.png,png,512 x 512,
138,Catfiles.jpg,jpg,1559 x 1038,
139,cc9674a6bf2d37736e3c13.jpg,jpg,1920 x 2560,
140,champion-belt.png,png,512 x 512,
141,"ChatGPT Image Apr 13, 2025, 04_28_50 PM.png",png,1536 x 1024,
142,"ChatGPT Image Apr 13, 2025, 05_01_29 PM.png",png,1536 x 1024,
143,"ChatGPT Image Apr 15, 2025, 11_01_11 PM.png",png,1536 x 1024,
144,check-mark (1).png,png,512 x 512,
145,check-mark.png,png,512 x 512,
146,chinese-temple.png,png,512 x 512,
147,chinese.png,png,512 x 512,
148,christmas-present.png,png,512 x 512,
149,christmas-tree.png,png,512 x 512,
150,clock.png,png,512 x 512,
151,coconut-tree.png,png,512 x 512,
152,coins.png,png,512 x 512,
153,copy_solid.png,png,48 x 48,
154,Cute Roti.jpg,jpg,1160 x 772,
155,CV.png,png,1000 x 1415,
156,d6d9192b-48dd-46b5-929f-96203d3c2983.jpg,jpg,945 x 2048,
157,d88bbf0038e34cb1b2fbdd33a252ef15dd786ed68c1d-ZwzN2M.png,png,1024 x 1024,
158,da52aee8b5e54e12c6a04a77fb93547f589e2352d8813-Rc74hs.png,png,800 x 1422,
159,date-palm.png,png,512 x 512,
160,db9ecadb85895252ac76d8aba77b85c4fc9d5c08102e14-CCFqWR_fw1200.png,png,1200 x 1131,
161,dCM1A9SE_400x400.jpg,jpg,400 x 400,
162,demo_3.png,png,2500 x 1498,
163,diamond (1).png,png,512 x 512,
164,diamond (2).png,png,512 x 512,
165,diamond.png,png,512 x 512,
166,dollarMC 1.png,png,4088 x 1888,
167,doodle-set-clothes-elements-accessories-cold-season_262983-299.jpg,jpg,826 x 723,
168,down.png,png,512 x 512,
169,download.jpg,jpg,1536 x 2048,
170,dragon_Earth.png,png,137 x 93,
171,dragon_fire.png,png,127 x 106,
172,dragon_leaf.png,png,142 x 110,
173,dragon_mental.png,png,136 x 95,
174,dragon_Thunder.png,png,161 x 110,
175,dragon_Water.png,png,151 x 106,
176,dragon_wind.png,png,133 x 123,
177,e35f5352bda88faa4b50f67650fc5968c86710b848c3-O7JAOz_fw1200.png,png,1200 x 966,
178,earth (1).png,png,512 x 512,
179,earth.png,png,512 x 512,
180,eed26259a9d2218c78c310.jpg,jpg,1920 x 2560,
181,elevator2.png,png,710 x 945,
182,f0a52196ea1d62433b0c15.jpg,jpg,1920 x 2560,
183,f17ac98a9a3cc6c873a45e9c4fb5e5af9fdf57bebadc-DCV7Sy.png,png,1024 x 1024,
184,f27df53dad22eac3edb6092fcdd2d61f.jpg,jpg,474 x 845,
185,f4b5f4f9c7d8b8509557ff140cb5f616c4461e964eb89-vChihd.png,png,2000 x 2000,
186,fan.png,png,512 x 512,
187,"female warrior elementary, fantasy style art in a MOBA or RPG game like Dota 2, League of Legends, Smite, or Diablo, wearing a tank top showing moderate muscles, bright colors.png",png,1024 x 1024,
188,"female warrior elementary, fantasy style art in a MOBA or RPG game like Dota 2, League of Legends, Smite, or Diablo, wearing a tank top showing moderate muscles.png",png,1024 x 1024,
189,"female warrior, dota 2 art style fantasy in MOBA or RPG game, wearing a tank top showing moderate muscles.png",png,1024 x 1024,
190,female-recruit (1).jpg,jpg,1024 x 1024,
191,female-recruit.jpg,jpg,1024 x 1024,
192,few-hours.png,png,1280 x 720,
193,firework.png,png,512 x 512,
194,fireworks.png,png,512 x 512,
195,fish.png,png,560 x 650,
196,flower-with-rounded-petals.png,png,512 x 512,
197,flower.png,png,512 x 512,
198,flowers.png,png,512 x 512,
199,fortune-wheel.png,png,512 x 512,
200,Frame 21.png,png,446 x 354,
201,Frame_Red.png,png,148 x 148,
202,freepik_5706536.jpg,jpg,5000 x 2651,
203,freepik_9299986.jpg,jpg,6048 x 2155,
204,front-view-black-sedan-sport-car-bridge.jpg,jpg,3493 x 5240,
205,fruit-tree.png,png,512 x 512,
206,full-moon.png,png,512 x 512,
207,gift (1).png,png,512 x 512,
208,gift.png,png,512 x 512,
209,go-back-arrow.png,png,512 x 512,
210,goldfish.png,png,512 x 512,
211,grass (1).png,png,512 x 512,
212,grass.png,png,512 x 512,
213,Group 1.png,png,1129 x 1171,
214,Group 108 2.png,png,460 x 323,
215,Group 1828.png,png,3532 x 5560,
216,Group 37567.png,png,596 x 507,
217,Group 38928.png,png,63 x 85,
218,Group 39148.png,png,311 x 363,
219,Group 39304.png,png,467 x 671,
220,Group 39557.png,png,3476 x 5744,
221,Group 39558.png,png,3584 x 5868,
222,Group 40687.png,png,5428 x 6000,
223,Group 40688.png,png,6004 x 5496,
224,Group 40689.png,png,5340 x 6000,
225,Group 40690.png,png,6000 x 6000,
226,Group 40691.png,png,5428 x 6000,
227,Group 40692.png,png,3724 x 4580,
228,H1.jpg,jpg,1536 x 2048,
229,H2.jpg,jpg,1536 x 2048,
230,H3.jpg,jpg,1170 x 1657,
231,hand-expert-farmer-collect-soil-checking-soil-health-before-growth-seed-vegetable.jpg,jpg,7952 x 5304,
232,hat.png,png,512 x 512,
233,headphones (1).png,png,512 x 512,
234,headphones.png,png,512 x 512,
235,heart (1).png,png,512 x 512,
236,heart (2).png,png,512 x 512,
237,Heart (3).png,png,560 x 496,
238,heart.png,png,512 x 512,
239,Heart_Broken.png,png,684 x 600,
240,heavy-rain.png,png,512 x 512,
241,hjhj.png,png,1024 x 1024,
242,Home - 3.png,png,740 x 1334,
243,icon 4.png,png,1024 x 1024,
244,iconTokenDOND.png,png,128 x 128,
245,icon_1.1.png,png,1024 x 1024,
246,icon_1.2.png,png,1024 x 1024,
247,icon_2.png,png,1024 x 1024,
248,icon_5 1.png,png,1000 x 1000,
249,Idle-snakes_1_boostchest_1.png,png,750 x 1334,
250,Idle-snakes_1_boostchest_2.png,png,750 x 1334,
251,Idle-snakes_1_claim-again.png,png,750 x 1334,
252,Idle-snakes_1_collect.png,png,750 x 1334,
253,Idle-snakes_1_congrats.png,png,750 x 1334,
254,Idle-snakes_1_Daily.png,png,750 x 1334,
255,Idle-snakes_1_Daily_1.png,png,750 x 1334,
256,Idle-snakes_1_daily_fix.png,png,750 x 1334,
257,Idle-snakes_1_Daily_popup.png,png,750 x 1334,
258,Idle-snakes_1_evolution.png,png,750 x 1334,
259,Idle-snakes_1_information.png,png,750 x 1334,
260,Idle-snakes_1_ingame.png,png,750 x 1334,
261,Idle-snakes_1_quest.png,png,750 x 1334,
262,Idle-snakes_1_reward.png,png,750 x 1334,
263,Idle-snakes_1_shop.png,png,750 x 1334,
264,Idle-snakes_1_snakebook.png,png,750 x 1334,
265,Idle-snakes_1_snakebook_2.png,png,750 x 1334,
266,Idle-snakes_1_snakebook_3.png,png,750 x 1334,
267,Idle-snakes_1_snakebook_4.png,png,750 x 1334,
268,Idle-snakes_1_snakebook_@.png,png,750 x 1334,
269,Idle-snakes_1_stast.png,png,750 x 1334,
270,Idle-snakes_1_warning.png,png,750 x 1334,
271,Idle-snakes_vr2.png,png,750 x 1334,
272,Idle-snakes_vr2_defeat.png,png,750 x 1334,
273,Idle-snakes_vr2_setting.png,png,750 x 1334,
274,Idle-snakes_vr2_sure.png,png,750 x 1334,
275,Idle-snakes_vr2_victory.png,png,750 x 1334,
276,Image (1).jpg,jpg,4032 x 3024,
277,image (1).png,png,1152 x 896,
278,image (2).png,png,1152 x 896,
279,image (3).png,png,1152 x 896,
280,image-Photoroom (43) 1.png,png,2810 x 2810,
281,image-Photoroom (59) 2.png,png,2957 x 2957,
282,image-Photoroom (61) 1.png,png,2686 x 2686,
283,image-Photoroom (77) 1.png,png,4138 x 4138,
284,image-Photoroom (81) 1.png,png,3394 x 3394,
285,image-removebg-preview (1).png,png,500 x 500,
286,image-removebg-preview (10).png,png,500 x 500,
287,image-removebg-preview (11).png,png,500 x 500,
288,image-removebg-preview (12).png,png,500 x 500,
289,image-removebg-preview (13).png,png,500 x 500,
290,image-removebg-preview (14).png,png,500 x 500,
291,image-removebg-preview (15).png,png,500 x 500,
292,image-removebg-preview (16).png,png,500 x 500,
293,image-removebg-preview (17).png,png,500 x 500,
294,image-removebg-preview (18).png,png,500 x 500,
295,image-removebg-preview (19).png,png,500 x 500,
296,image-removebg-preview (2).png,png,500 x 500,
297,image-removebg-preview (20).png,png,500 x 500,
298,image-removebg-preview (21).png,png,500 x 500,
299,image-removebg-preview (22).png,png,500 x 500,
300,image-removebg-preview (23).png,png,500 x 500,
301,image-removebg-preview (24).png,png,500 x 500,
302,image-removebg-preview (25).png,png,500 x 500,
303,image-removebg-preview (26).png,png,500 x 500,
304,image-removebg-preview (27).png,png,500 x 500,
305,image-removebg-preview (28).png,png,500 x 500,
306,image-removebg-preview (29).png,png,502 x 453,
307,image-removebg-preview (3).png,png,500 x 500,
308,image-removebg-preview (30).png,png,500 x 500,
309,image-removebg-preview (4).png,png,500 x 500,
310,image-removebg-preview (5).png,png,500 x 500,
311,image-removebg-preview (6).png,png,500 x 500,
312,image-removebg-preview (7).png,png,500 x 500,
313,image-removebg-preview (8).png,png,500 x 500,
314,image-removebg-preview (9).png,png,500 x 500,
315,image-removebg-preview.png,png,500 x 500,
316,Image.jpg,jpg,4032 x 3024,
317,image.png,png,1152 x 896,
318,image__1_-removebg-preview.png,png,566 x 440,
319,imgpsh_fullsize_anim (1).png,png,2048 x 2048,
320,imgpsh_fullsize_anim (2).png,png,485 x 95,
321,imgpsh_fullsize_anim (3).png,png,475 x 857,
322,imgpsh_fullsize_anim (4).png,png,828 x 1792,
323,imgpsh_fullsize_anim (5).png,png,828 x 1792,
324,imgpsh_fullsize_anim (6).png,png,828 x 1792,
325,imgpsh_fullsize_anim.jpg,jpg,1080 x 2340,
326,imgpsh_fullsize_anim.png,png,466 x 855,
327,IMG_0227.JPG,jpg,1224 x 3264,
328,IMG_0586.JPG,jpg,1200 x 10703,
329,IMG_4886.JPG,jpg,1002 x 1002,
330,IMG_4886_fix.jpg,jpg,1002 x 1002,
331,IMG_7411.jpeg,jpeg,4032 x 3024,
332,IMG_7412.jpeg,jpeg,4032 x 3024,
333,ImportedPhoto.752776007.043158.jpeg,jpeg,2268 x 4032,
334,Item_3.png,png,640 x 640,
335,Item_5.png,png,696 x 612,
336,Item_6.png,png,264 x 328,
337,jupiter.png,png,512 x 512,
338,lamp.png,png,512 x 512,
339,larch.png,png,512 x 512,
340,Layer 2.png,png,744 x 1116,
341,Layer 2195.png,png,1334 x 1334,
342,Layer 7rfer 1.png,png,1735 x 2636,
343,Layer 80.png,png,137 x 268,
344,Layer 90 (1).png,png,824 x 756,
345,Layer 90.png,png,824 x 756,
346,Layer 95 (1).png,png,1640 x 1636,
347,Layer 95.png,png,410 x 409,
348,leaf.png,png,512 x 512,
349,level 5 1.png,png,3476 x 5744,
350,lily-of-the-valley.png,png,512 x 512,
351,line_botanical_pattern_1_03-[Converted].png,png,2500 x 2500,
352,line_botanical_pattern_1_03.jpg,jpg,5209 x 5209,
353,logo2 1.png,png,1000 x 1000,
354,lotus.png,png,512 x 512,
355,male-warrior (1).jpg,jpg,1024 x 1024,
356,male-warrior.jpg,jpg,1024 x 1024,
357,manager gothic4.png,png,2036 x 2740,
358,manager SR 13.png,png,3012 x 2568,
359,manager SSR 5.png,png,2176 x 2628,
360,mascot 1.png,png,661 x 858,
361,Maximum Voltage.png,png,580 x 386,
362,modern-car-driving-city.jpg,jpg,3712 x 4928,
363,money-color_0002_Hue_Saturation-4.png,png,780 x 436,
364,money-color_0013_Hue_Saturation-3.png,png,776 x 432,
365,money-color_0016_Hue_Saturation-3.png,png,776 x 432,
366,money-color_0025_Hue_Saturation-3.png,png,772 x 436,
367,money-color_0029_Hue_Saturation-4.png,png,776 x 436,
368,moon (1).png,png,512 x 512,
369,moon.png,png,512 x 512,
370,music-note.png,png,512 x 512,
371,mysterious-tropical-rainforest-glows-with-lush-greenery-generated-by-ai.jpg,jpg,5600 x 3200,
372,nature.png,png,512 x 512,
373,necklace.png,png,512 x 512,
374,NTH_1.1.jpg,jpg,1920 x 2560,
375,NTH_1.2.jpg,jpg,1920 x 2560,
376,NTH_1.3.jpg,jpg,1920 x 2560,
377,NTH_1.4.jpg,jpg,1920 x 2560,
378,NTH_1.5.jpg,jpg,1920 x 2560,
379,NTH_1.jpg,jpg,1536 x 2048,
380,NTH_2.jpg,jpg,1536 x 2048,
381,NTH_3.jpg,jpg,1536 x 2048,
382,NTH_4.jpg,jpg,1536 x 2048,
383,NTH_5.jpg,jpg,1536 x 2048,
384,openart-image_hankZoLv_1714462306737_raw.jpg,jpg,1024 x 1024,
385,palm-tree.png,png,512 x 512,
386,Partner_-TON-Cook.png,png,1280 x 720,
387,pattern.png,png,512 x 512,
388,paving.png,png,512 x 512,
389,pen.png,png,512 x 512,
390,phoinhu_httpscdn.midjourney.comua6a5793d-d750-4954-b2bc-867eb_e7af667a-61ea-4a27-86a9-74685ac6a8ad_0-Photoroom 1.png,png,431 x 316,
391,phoinhu_httpss.mj.runrwjuIIV4L_o_httpss.mj.run3b3tbCLL2h4_htt_86c48ec2-6a7e-41ca-ac4b-485607750d98_0-Photoroom 1.png,png,497 x 316,
392,phoinhu_httpss.mj.runs4M8ZPFMmDY_httpss.mj.runuCZqhXRKIW8_loo_3ef485c9-0651-4291-aa66-ab0533906a1c_1-Photoroom 1.png,png,507 x 466,
393,phone-call.png,png,512 x 512,
394,phongquan8.jpg,jpg,2048 x 1536,
395,pine-tree.png,png,512 x 512,
396,planet (1).png,png,512 x 512,
397,planet.png,png,512 x 512,
398,planets.png,png,512 x 512,
399,Portfolio (1).png,png,5509 x 5311,
400,Portfolio.png,png,5509 x 5311,
401,Pots_0011_Layer-13.png,png,936 x 920,
402,Pots_0019_Layer-21.png,png,884 x 1100,
403,Pots_0027_Layer-29.png,png,948 x 1148,
404,Pots_0029_Layer-31.png,png,964 x 1148,
405,Pots_0031_Layer-33.png,png,896 x 1076,
406,Pots_0032_Layer-34.png,png,972 x 1208,
407,Pots_0033_Layer-35.png,png,884 x 1300,
408,Pots_0036_Layer-38.png,png,896 x 1388,
409,Property 1=Variant2.png,png,4296 x 1780,
410,rb_20261.png,png,2000 x 1331,
411,rb_2149729063.png,png,2000 x 2000,
412,rb_2149729078.png,png,2000 x 2000,
413,rb_2149738641.png,png,2000 x 2000,
414,rb_2149738644.png,png,2000 x 2000,
415,rb_2149738650 (1).png,png,2000 x 2000,
416,rb_2149738650.png,png,2000 x 2000,
417,rb_2149759142.png,png,2000 x 2000,
418,rb_2149812462.png,png,2000 x 2000,
419,rb_2149842634.png,png,2000 x 2000,
420,rb_2151197596.png,png,2000 x 2000,
421,Rectangle 1.png,png,1192 x 858,
422,Rectangle 79.png,png,512 x 512,
423,red-envelope.png,png,512 x 512,
424,resized_image_1920x1080.png,png,1920 x 1080,
425,right-arrow.png,png,512 x 512,
426,rubber-ring (1).png,png,512 x 512,
427,rubber-ring.png,png,512 x 512,
428,sakura.png,png,512 x 512,
429,saturn.png,png,512 x 512,
430,sci-fi.png,png,512 x 512,
431,Screenshot 2024-10-13 150252.png,png,337 x 332,
432,Screenshot 2024-10-24 000100.png,png,1152 x 607,
433,Screenshot_20250112-111723.png,png,864 x 1920,
434,Screenshot_20250112-112014.png,png,864 x 1920,
435,Screenshot_20250112-112138.png,png,864 x 1920,
436,Screenshot_20250223-170203.png,png,864 x 1920,
437,Screenshot_20250223-170238.png,png,864 x 1920,
438,Screenshot_20250223-170257.png,png,864 x 1920,
439,Screenshot_20250223-170307.png,png,864 x 1920,
440,Screenshot_20250223-170440.png,png,864 x 1920,
441,Screenshot_20250223-170459.png,png,864 x 1920,
442,Screenshot_20250223-170523.png,png,864 x 1920,
443,sdsda.png,png,2352 x 2284,
444,shines.png,png,512 x 512,
445,shutterstock_1818675608-[Converted].png,png,4000 x 4000,
446,sketch-hand-drawn-single-line-art-coloring-page-line-drawing-isolated-white-background_469760-8697.jpg,jpg,740 x 740,
447,snapedit_1713522112460.png,png,1024 x 1024,
448,snapedit_1713760274123.png,png,1280 x 1280,
449,snapedit_1713761135815.png,png,1280 x 1280,
450,snapedit_1713762004696.png,png,1024 x 1024,
451,snapedit_1713767827150.png,png,1024 x 1024,
452,snapedit_1713777301835.png,png,1024 x 1024,
453,snapedit_1713777825219.png,png,1024 x 1024,
454,snapedit_1713777829522.png,png,1024 x 1024,
455,snapedit_1713777832981.png,png,1024 x 1024,
456,snapedit_1713777835761.png,png,1024 x 1024,
457,snapedit_1713777839870.png,png,1024 x 1024,
458,snapedit_1713777842700.png,png,1024 x 1024,
459,snapedit_1713777846728.png,png,1024 x 1024,
460,snapedit_1713777849385.png,png,1024 x 1024,
461,snapedit_1713777852939.png,png,1024 x 1024,
462,snapedit_1713778334675.png,png,1024 x 1024,
463,snapedit_1713779270417.png,png,1024 x 1024,
464,snapedit_1713779274147.png,png,1024 x 1024,
465,snapedit_1713779277872.png,png,1024 x 1024,
466,snapedit_1713779279767.png,png,1024 x 1024,
467,snapedit_1713779862447.png,png,1024 x 1024,
468,snapedit_1713781812698.png,png,1024 x 1024,
469,snapedit_1713782838718.png,png,1024 x 1024,
470,snapedit_1713783726898.png,png,1024 x 1024,
471,snapedit_1714316902981.png,png,1024 x 1024,
472,snapedit_1714317096507.png,png,1024 x 1024,
473,snapedit_1714317098908.png,png,1024 x 1024,
474,snapedit_1714317100642.png,png,1024 x 1024,
475,snapedit_1714317102405.png,png,1024 x 1024,
476,snapedit_1714317104657.png,png,1024 x 1024,
477,snapedit_1714318445745.png,png,1024 x 1024,
478,snapedit_1714318528193.png,png,1024 x 1024,
479,snapedit_1714360412046.png,png,1024 x 1024,
480,snapedit_1714361275418.png,png,1024 x 1024,
481,snapedit_1714361277383.png,png,1024 x 1024,
482,snapedit_1714361737266.png,png,1024 x 1024,
483,snapedit_1714363810045.png,png,1024 x 1024,
484,snapedit_1714378579576.png,png,1024 x 1024,
485,snapedit_1715913358592.png,png,1024 x 1024,
486,snapedit_1715917580197.png,png,1024 x 1024,
487,snapedit_1715917771442.png,png,845 x 846,
488,snapedit_1715918217383.png,png,843 x 871,
489,snapedit_1715918916520.png,png,1024 x 1024,
490,snapedit_1715919374510.png,png,1024 x 1024,
491,snapedit_1715920631031.png,png,1024 x 1024,
492,snapedit_1715921791148.png,png,1024 x 1024,
493,snapedit_1715931031445.png,png,1024 x 1024,
494,snapedit_1715932173070.png,png,1024 x 1024,
495,snapedit_1716170361898.png,png,1024 x 1024,
496,snapedit_1716172918512.png,png,1024 x 1024,
497,snapedit_1716174310061.png,png,1024 x 1024,
498,snapedit_1716174916785.png,png,1024 x 1024,
499,snapedit_1716174979508.png,png,1024 x 1024,
500,snapedit_1716176129689.png,png,1024 x 1024,
501,snapedit_1716177460957.png,png,1024 x 1024,
502,snapedit_1716178238309.png,png,1024 x 1024,
503,snapedit_1716191322422.png,png,1024 x 1024,
504,snapedit_1716191794529.png,png,1024 x 1024,
505,snapedit_1716193910667.png,png,1024 x 1024,
506,snapedit_1716195580447.png,png,1024 x 1024,
507,snapedit_1716197527771.png,png,1024 x 1024,
508,snapedit_1716198047149.png,png,1024 x 1024,
509,snapedit_1716198650421.png,png,1024 x 1024,
510,snapedit_1716199198998.png,png,1024 x 1024,
511,snapedit_1716199401157.png,png,1024 x 1024,
512,snapedit_1716200054378.png,png,1024 x 1024,
513,snapedit_1716957886800.png,png,1024 x 1024,
514,snapedit_1716958094963.png,png,1024 x 1024,
515,snapedit_1716958656825.png,png,1024 x 1024,
516,snapedit_1716979443556.png,png,1024 x 1024,
517,snapedit_1716981182349.png,png,1024 x 1024,
518,snapedit_1717554551679 1.png,png,2451 x 1977,
519,snapedit_1717554581097 1.png,png,1834 x 2490,
520,snapedit_1718596574937.png,png,1024 x 1024,
521,snapedit_1718617962065.png,png,1024 x 1024,
522,snapedit_1718618471872.png,png,1024 x 1024,
523,snapedit_1718618555899.png,png,1024 x 1024,
524,snapedit_1718619019584.png,png,1024 x 1024,
525,snapedit_1718619041271.png,png,1024 x 1024,
526,snapedit_1718675347186.png,png,1024 x 1024,
527,snapedit_1718677721886.png,png,1024 x 1024,
528,snapedit_1718681741040.png,png,1024 x 1024,
529,snapedit_1718681960429.png,png,1024 x 1024,
530,snapedit_1718697859239.png,png,1024 x 1024,
531,snapedit_1718697909731.png,png,1024 x 1024,
532,snapedit_1722241900363.png,png,1024 x 1024,
533,snow.png,png,512 x 512,
534,so1.jpg,jpg,1920 x 2560,
535,so2.jpg,jpg,1920 x 2560,
536,so3.jpg,jpg,1920 x 2560,
537,so4.jpg,jpg,1920 x 2560,
538,sports_a_background2.jpg,jpg,3071 x 3071,
539,star (1).png,png,512 x 512,
540,star.png,png,512 x 512,
541,sun.png,png,512 x 512,
542,Sweet Valentine.png,png,580 x 386,
543,Sweets Smile.jpg,jpg,1701 x 1132,
544,TA_1.jpg,jpg,4032 x 3024,
545,TA_2.jpg,jpg,4032 x 3024,
546,TA_3.jpg,jpg,4032 x 3024,
547,TA_4.jpg,jpg,4032 x 3024,
548,temple (1).png,png,512 x 512,
549,temple.png,png,512 x 512,
550,texture-wood-is-from-wooden-surface 1.png,png,477 x 193,
551,title game 3.png,png,2544 x 1164,
552,title2 2.png,png,360 x 159,
553,Title_11.png,png,2284 x 628,
554,to1.jpg,jpg,1920 x 2560,
555,to2.jpg,jpg,1920 x 2560,
556,to3.jpg,jpg,1920 x 2560,
557,to4.jpg,jpg,1920 x 2560,
558,to5.jpg,jpg,1920 x 2560,
559,to6.jpg,jpg,1920 x 2560,
560,to7.jpg,jpg,1920 x 2560,
561,token_icon 1.png,png,640 x 640,
562,tree (1).png,png,512 x 512,
563,tree (2).png,png,512 x 512,
564,tree (3).png,png,512 x 512,
565,tree.png,png,512 x 512,
566,tronEffect1 (1).png,png,2260 x 2368,
567,tronEffect1.png,png,565 x 592,
568,tulip.png,png,512 x 512,
569,tutorial 2.png,png,701 x 695,
570,UI_Idle-snake_Snake 1 (1).png,png,2048 x 1024,
571,UI_Idle-snake_Snake 1.png,png,2048 x 1024,
572,vibrate.png,png,512 x 512,
573,view-3d-car.jpg,jpg,7000 x 7000,
574,vnu_l604_01.jpg,jpg,4681 x 3121,
575,wallet.png,png,512 x 512,
576,warehouse m4 lv4.png,png,3456 x 3052,
577,warehouse m9 lv4 (1).png,png,3452 x 3240,
578,warehouse m9 lv4.png,png,130 x 122,
579,warehouse m9 lv5.png,png,128 x 133,
580,Web cơ bản.png,png,1745 x 9844,
581,wifi.png,png,512 x 512,
582,winter-tree.png,png,512 x 512,
583,Workout Path.png,png,4018 x 3857,
584,xe 82 2.png,png,2726 x 2418,
585,xe 82.2 1.png,png,1655 x 2639,
586,xe 88 1.png,png,3126 x 2530,
587,xe 88.2 2.png,png,1766 x 2699,
588,xe 93 2 (1).png,png,733 x 663,
589,xe 93 2 (2).png,png,1920 x 1738,
590,xe 93 2.png,png,294 x 266,
591,xe 94 1.png,png,3445 x 3259,
592,xe 94.2 1.png,png,1985 x 3032,
593,Yellow_imgpsh_fullsize_anim (2).png,png,483 x 93,
594,Yellow_imgpsh_fullsize_anim.png,png,523 x 186,
595,_0007_Level8.png,png,446 x 376,
596,bach-duong-t4.png,png,127 x 102,1x
597,bao-binh-t2.png,png,91 x 124,1x
598,cu-giai-t7.png,png,123 x 108,1x
599,ho-cap-t11.png,png,105 x 110,1x
600,kim-nguu-t5.png,png,113 x 113,1x
601,ma-ket-t1.png,png,126 x 127,1x
602,nhan-ma-t12.png,png,129 x 134,1x
603,song-ngu-t3.png,png,135 x 110,1x
604,song-tu-t6.png,png,88 x 127,1x
605,su-tu-t8.png,png,105 x 119,1x
606,thien-binh-t10.png,png,118 x 113,1x
607,xu-nu-t9.png,png,113 x 114,1x
608,Asset 1@3x.png,png,178 x 216,3x
609,Asset 2@3x.png,png,174 x 166,3x
610,Asset 3@3x.png,png,272 x 209,3x
611,banner_1.jpg,jpg,1200 x 900,baitest
612,BANNER_2_option1.jpg,jpg,1200 x 628,baitest
613,BANNER_2_option2.jpg,jpg,1200 x 628,baitest
614,BANNER_2_option3.jpg,jpg,1200 x 628,baitest
615,image 917.png,png,138 x 138,banner annou member
616,ton_logo_light_background 2.png,png,286 x 110,banner annou member
617,5495005.jpg,jpg,3000 x 2000,hand-drawn-zodiac-sign-collection
618,5522440.jpg,jpg,2000 x 2000,hand-painted-zodiac-signs-set
619,buildable.png,png,512 x 512,HiveWE 0.6\x64-Release\Data\Icons
620,flyable.png,png,432 x 397,HiveWE 0.6\x64-Release\Data\Icons
621,walkable.png,png,512 x 512,HiveWE 0.6\x64-Release\Data\Icons
622,circle.png,png,64 x 64,HiveWE 0.6\x64-Release\Data\Icons\Brush
623,diamond.png,png,64 x 64,HiveWE 0.6\x64-Release\Data\Icons\Brush
624,square.png,png,64 x 64,HiveWE 0.6\x64-Release\Data\Icons\Brush
625,brush32x32.png,png,32 x 32,HiveWE 0.6\x64-Release\Data\Icons\Ribbon
626,changeheight32x32.png,png,32 x 32,HiveWE 0.6\x64-Release\Data\Icons\Ribbon
627,debug32x32.png,png,32 x 32,HiveWE 0.6\x64-Release\Data\Icons\Ribbon
628,description32x32.png,png,25 x 32,HiveWE 0.6\x64-Release\Data\Icons\Ribbon
629,doodads32x32.png,png,32 x 32,HiveWE 0.6\x64-Release\Data\Icons\Ribbon
630,heightmap32x32.png,png,32 x 32,HiveWE 0.6\x64-Release\Data\Icons\Ribbon
631,importmanager32x32.png,png,32 x 32,HiveWE 0.6\x64-Release\Data\Icons\Ribbon
632,lighting32x32.png,png,32 x 32,HiveWE 0.6\x64-Release\Data\Icons\Ribbon
633,loading32x32.png,png,32 x 32,HiveWE 0.6\x64-Release\Data\Icons\Ribbon
634,minimap32x32.png,png,30 x 30,HiveWE 0.6\x64-Release\Data\Icons\Ribbon
635,open32x32.png,png,32 x 33,HiveWE 0.6\x64-Release\Data\Icons\Ribbon
636,options32x32.png,png,32 x 32,HiveWE 0.6\x64-Release\Data\Icons\Ribbon
637,pathing32x32.png,png,32 x 32,HiveWE 0.6\x64-Release\Data\Icons\Ribbon
638,redo32x32.png,png,32 x 32,HiveWE 0.6\x64-Release\Data\Icons\Ribbon
639,reset32x32.png,png,32 x 32,HiveWE 0.6\x64-Release\Data\Icons\Ribbon
640,rock32x32.png,png,32 x 32,HiveWE 0.6\x64-Release\Data\Icons\Ribbon
641,save32x32.png,png,32 x 32,HiveWE 0.6\x64-Release\Data\Icons\Ribbon
642,saveas32x32.png,png,32 x 32,HiveWE 0.6\x64-Release\Data\Icons\Ribbon
643,scale32x32.png,png,32 x 30,HiveWE 0.6\x64-Release\Data\Icons\Ribbon
644,select32x32.png,png,32 x 32,HiveWE 0.6\x64-Release\Data\Icons\Ribbon
645,sizebounds32x32.png,png,32 x 32,HiveWE 0.6\x64-Release\Data\Icons\Ribbon
646,switch32x32.png,png,32 x 29,HiveWE 0.6\x64-Release\Data\Icons\Ribbon
647,tileset32x32.png,png,32 x 32,HiveWE 0.6\x64-Release\Data\Icons\Ribbon
648,triggereditor32x32.png,png,32 x 32,HiveWE 0.6\x64-Release\Data\Icons\Ribbon
649,undo32x32.png,png,32 x 32,HiveWE 0.6\x64-Release\Data\Icons\Ribbon
650,units32x32.png,png,32 x 32,HiveWE 0.6\x64-Release\Data\Icons\Ribbon
651,VARIATION32X32.png,png,32 x 32,HiveWE 0.6\x64-Release\Data\Icons\Ribbon
652,water32x32.png,png,32 x 32,HiveWE 0.6\x64-Release\Data\Icons\Ribbon
653,wireframe32x32.png,png,32 x 32,HiveWE 0.6\x64-Release\Data\Icons\Ribbon
654,boundary_place.png,png,128 x 128,HiveWE 0.6\x64-Release\Data\Icons\Terrain
655,boundary_remove.png,png,128 x 128,HiveWE 0.6\x64-Release\Data\Icons\Terrain
656,brush_lower.png,png,128 x 128,HiveWE 0.6\x64-Release\Data\Icons\Terrain
657,brush_plateau.png,png,128 x 128,HiveWE 0.6\x64-Release\Data\Icons\Terrain
658,brush_raise.png,png,128 x 128,HiveWE 0.6\x64-Release\Data\Icons\Terrain
659,brush_ripple.png,png,128 x 128,HiveWE 0.6\x64-Release\Data\Icons\Terrain
660,brush_smooth.png,png,128 x 128,HiveWE 0.6\x64-Release\Data\Icons\Terrain
661,deep_water.png,png,128 x 128,HiveWE 0.6\x64-Release\Data\Icons\Terrain
662,level.png,png,128 x 128,HiveWE 0.6\x64-Release\Data\Icons\Terrain
663,lower1.png,png,128 x 128,HiveWE 0.6\x64-Release\Data\Icons\Terrain
664,lower2.png,png,128 x 128,HiveWE 0.6\x64-Release\Data\Icons\Terrain
665,raise1.png,png,128 x 128,HiveWE 0.6\x64-Release\Data\Icons\Terrain
666,raise2.png,png,128 x 128,HiveWE 0.6\x64-Release\Data\Icons\Terrain
667,ramp.png,png,128 x 128,HiveWE 0.6\x64-Release\Data\Icons\Terrain
668,shallow_water.png,png,128 x 128,HiveWE 0.6\x64-Release\Data\Icons\Terrain
669,validate.png,png,32 x 32,HiveWE 0.6\x64-Release\Data\Icons\TriggerEditor
670,iconTicket 1.png,png,274 x 200,iconTicket 1
671,18.png,png,136 x 177,new
672,22.png,png,140 x 171,new
673,33.png,png,184 x 160,new
674,35.png,png,167 x 171,new
675,36.png,png,185 x 164,new
676,39.png,png,151 x 149,new
677,50.png,png,147 x 160,new
678,57964.jpg,jpg,5001 x 5001,set-horoscope-symbols-illustration
679,loading.png,png,221 x 31,title
680,loading_bar.png,png,629 x 79,title
681,loading_plant.png,png,185 x 176,title
682,title.png,png,638 x 338,title
683,title2.png,png,516 x 228,title
684,title_effect.png,png,952 x 887,title
685,title_effect2.png,png,655 x 393,title
686,title_screen_bg.png,png,750 x 1335,title
687,title_screen_look.png,png,750 x 1335,title
688,background.jpg,jpg,800 x 492,warcraft-3\Data
689,background.jpg,jpg,800 x 492,warcraft-3\DTMV4\Data
690,buildable.png,png,512 x 512,x64-Release\Data\Icons
691,flyable.png,png,432 x 397,x64-Release\Data\Icons
692,walkable.png,png,512 x 512,x64-Release\Data\Icons
693,circle.png,png,64 x 64,x64-Release\Data\Icons\Brush
694,diamond.png,png,64 x 64,x64-Release\Data\Icons\Brush
695,square.png,png,64 x 64,x64-Release\Data\Icons\Brush
696,brush32x32.png,png,32 x 32,x64-Release\Data\Icons\Ribbon
697,changeheight32x32.png,png,32 x 32,x64-Release\Data\Icons\Ribbon
698,debug32x32.png,png,32 x 32,x64-Release\Data\Icons\Ribbon
699,description32x32.png,png,25 x 32,x64-Release\Data\Icons\Ribbon
700,doodads32x32.png,png,32 x 32,x64-Release\Data\Icons\Ribbon
701,heightmap32x32.png,png,32 x 32,x64-Release\Data\Icons\Ribbon
702,importmanager32x32.png,png,32 x 32,x64-Release\Data\Icons\Ribbon
703,lighting32x32.png,png,32 x 32,x64-Release\Data\Icons\Ribbon
704,loading32x32.png,png,32 x 32,x64-Release\Data\Icons\Ribbon
705,minimap32x32.png,png,30 x 30,x64-Release\Data\Icons\Ribbon
706,open32x32.png,png,32 x 33,x64-Release\Data\Icons\Ribbon
707,options32x32.png,png,32 x 32,x64-Release\Data\Icons\Ribbon
708,pathing32x32.png,png,32 x 32,x64-Release\Data\Icons\Ribbon
709,redo32x32.png,png,32 x 32,x64-Release\Data\Icons\Ribbon
710,reset32x32.png,png,32 x 32,x64-Release\Data\Icons\Ribbon
711,rock32x32.png,png,32 x 32,x64-Release\Data\Icons\Ribbon
712,save32x32.png,png,32 x 32,x64-Release\Data\Icons\Ribbon
713,saveas32x32.png,png,32 x 32,x64-Release\Data\Icons\Ribbon
714,scale32x32.png,png,32 x 30,x64-Release\Data\Icons\Ribbon
715,select32x32.png,png,32 x 32,x64-Release\Data\Icons\Ribbon
716,sizebounds32x32.png,png,32 x 32,x64-Release\Data\Icons\Ribbon
717,switch32x32.png,png,32 x 29,x64-Release\Data\Icons\Ribbon
718,tileset32x32.png,png,32 x 32,x64-Release\Data\Icons\Ribbon
719,triggereditor32x32.png,png,32 x 32,x64-Release\Data\Icons\Ribbon
720,undo32x32.png,png,32 x 32,x64-Release\Data\Icons\Ribbon
721,units32x32.png,png,32 x 32,x64-Release\Data\Icons\Ribbon
722,VARIATION32X32.png,png,32 x 32,x64-Release\Data\Icons\Ribbon
723,water32x32.png,png,32 x 32,x64-Release\Data\Icons\Ribbon
724,wireframe32x32.png,png,32 x 32,x64-Release\Data\Icons\Ribbon
725,boundary_place.png,png,128 x 128,x64-Release\Data\Icons\Terrain
726,boundary_remove.png,png,128 x 128,x64-Release\Data\Icons\Terrain
727,brush_lower.png,png,128 x 128,x64-Release\Data\Icons\Terrain
728,brush_plateau.png,png,128 x 128,x64-Release\Data\Icons\Terrain
729,brush_raise.png,png,128 x 128,x64-Release\Data\Icons\Terrain
730,brush_ripple.png,png,128 x 128,x64-Release\Data\Icons\Terrain
731,brush_smooth.png,png,128 x 128,x64-Release\Data\Icons\Terrain
732,deep_water.png,png,128 x 128,x64-Release\Data\Icons\Terrain
733,level.png,png,128 x 128,x64-Release\Data\Icons\Terrain
734,lower1.png,png,128 x 128,x64-Release\Data\Icons\Terrain
735,lower2.png,png,128 x 128,x64-Release\Data\Icons\Terrain
736,raise1.png,png,128 x 128,x64-Release\Data\Icons\Terrain
737,raise2.png,png,128 x 128,x64-Release\Data\Icons\Terrain
738,ramp.png,png,128 x 128,x64-Release\Data\Icons\Terrain
739,shallow_water.png,png,128 x 128,x64-Release\Data\Icons\Terrain
740,validate.png,png,32 x 32,x64-Release\Data\Icons\TriggerEditor
